,name_in_url,he_count,she_count,name_in_profile
0,benjamin_barber,3,0,Benjamin Barber
1,jer_thorp,2,0,Jer Thorp
2,chris_bliss,1,0,Chris Bliss
3,catherine_bracy,0,5,Catherine Bracy
4,a_balasubramaniam,0,0,Alwar Balasubramaniam
5,auret_van_heerden,4,0,Auret van Heerden
6,jack_andraka,4,4,Jack Andraka
7,shabana_basij_rasikh,0,5,Shabana Basij-Rasikh
8,curtis_wong,5,0,Curtis Wong
9,tara_winkler,0,0,Tara Winkler
10,michael_archer,1,0,Michael Archer
11,krista_tippett,0,7,Krista Tippett
12,casey_brown,0,6,Casey Brown
13,linus_torvalds,1,0,Linus Torvalds
14,qi_zhang,0,2,Qi Zhang
15,lisa_bu,0,5,Lisa Bu
16,sakena_yacoobi,0,1,Sakena Yacoobi
17,dave_troy,4,0,Dave Troy
18,chris_anderson_ted,6,0,Chris Anderson
19,sheryl_wudunn,0,3,Sheryl WuDunn
20,david_camarillo,1,0,David Camarillo
21,james_burchfield,4,0,James Burchfield
22,thomas_barnett,6,0,Thomas Barnett
23,geert_chatrou,8,0,Geert Chatrou
24,stephen_wolfram,2,0,Stephen Wolfram
25,naif_al_mutawa,0,0,Naif Al-Mutawa
26,matthew_white,2,0,Matthew White
27,sanford_biggers,5,0,Sanford Biggers
28,maysoon_zayid,0,8,Maysoon Zayid
29,nadia_al_sakkaf,0,5,Nadia Al-Sakkaf
30,melati_and_isabel_wijsen,0,0,Melati and Isabel Wijsen
31,jan_chipchase,8,0,Jan Chipchase
32,xavier_vilalta,3,0,Xavier Vilalta
33,steve_truglia,6,0,Steve Truglia
34,beardyman,9,0,Beardyman
35,morgana_bailey,0,5,Morgana Bailey
36,benedetta_berti,0,4,Benedetta Berti
37,shigeru_ban,7,0,Shigeru Ban
38,sherry_turkle,2,3,Sherry Turkle
39,nikki_webber_allen,0,3,Nikki Webber Allen
40,peter_weinstock,3,0,Peter Weinstock
41,aziz_abu_sarah,3,0,Aziz Abu Sarah
42,rodney_brooks,1,0,Rodney Brooks
43,paul_root_wolpe,6,0,Paul Root Wolpe
44,paul_collier,4,0,Paul Collier
45,anthony_appiah,4,0,Kwame Anthony Appiah
46,jen_brea,0,8,Jennifer Brea
47,larry_brilliant,14,0,Larry Brilliant
48,dan_cobley,5,0,Dan Cobley
49,aziza_chaouni,0,5,Aziza Chaouni
50,romulus_whitaker,3,0,Romulus Whitaker
51,british_paraorchestra,2,2,British Paraorchestra
52,ed_boyden,5,0,Ed Boyden
53,daria_van_den_bercken,0,5,Daria van den Bercken
54,mark_bittman,2,0,Mark Bittman
55,benjamin_zander,5,0,Benjamin Zander
56,meera_vijayann,0,3,Meera Vijayann
57,mike_velings,3,0,Mike Velings
58,jody_williams,0,5,Jody Williams
59,nathan_wolfe,0,0,Nathan Wolfe
60,melissa_walker,0,2,Melissa Walker
61,peter_tyack,1,0,Peter Tyack
62,heather_brooke,0,4,Heather Brooke
63,gary_vaynerchuk,3,0,Gary Vaynerchuk
64,karen_bass,0,3,Karen Bass
65,zubaida_bai,0,9,Zubaida Bai
66,leah_buechley,0,2,Leah Buechley
67,marco_annunziata,2,0,Marco Annunziata
68,eduardo_briceno,7,0,Eduardo Briceño
69,lucianne_walkowicz,0,8,Lucianne Walkowicz
70,isabel_allende,0,5,Isabel Allende
71,david_birch,4,0,David Birch
72,michael_bierut,6,0,Michael Bierut
73,julie_taymor,0,12,Julie Taymor
74,nick_veasey,4,0,Nick Veasey
75,brene_brown,0,6,Brené Brown
76,tom_thum,3,0,Tom Thum
77,anthony_atala,0,0,Anthony Atala
78,jim_al_khalili,1,0,Jim Al-Khalili
79,william_black,6,0,William Black
80,larry_burns,1,0,Larry Burns
81,kwabena_boahen,2,0,Kwabena Boahen
82,dee_boersma,0,3,Dee Boersma
83,jocelyne_bloch,0,3,Jocelyne Bloch
84,peter_van_uhm,2,0,Peter van Uhm
85,uri_alon,3,0,Uri Alon
86,anote_tong,3,0,Anote Tong
87,ziauddin_yousafzai,4,1,Ziauddin Yousafzai
88,craig_venter,10,0,Craig Venter
89,alexander_wagner,1,0,Alexander Wagner
90,alberto_cairo,4,0,Alberto Cairo
91,richard_j_berry,1,0,Richard J. Berry
92,sangeeta_bhatia,0,2,Sangeeta Bhatia
93,isabel_behncke_izquierdo,0,4,Isabel Behncke
94,susan_cain,2,4,Susan Cain
95,anas_aremeyaw_anas,6,0,Anas Aremeyaw Anas
96,ali_carr_chellman,0,3,Ali Carr-Chellman
97,jay_bradner,5,0,Jay Bradner
98,topher_white,1,0,Topher White
99,elizabeth_wayne,0,5,Elizabeth Wayne
100,rokia_traore,0,5,Rokia Traore
101,bono,5,0,Bono
102,robin_chase,0,9,Robin Chase
103,matthew_williams,4,0,Matthew Williams
104,lil_buck,3,0,Lil Buck
105,joshua_walters,1,0,Joshua Walters
106,tom_chatfield,1,0,Tom Chatfield
107,rev_jeffrey_brown,3,0,Jeffrey Brown
108,barbara_block,0,1,Barbara Block
109,andrew_youn,4,0,Andrew Youn
110,frank_warren,3,0,Frank Warren
111,gabe_zichermann,2,0,Gabe Zichermann
112,lily_tomlin,0,6,Lily Tomlin
113,angelo_vermeulen,11,0,Angelo Vermeulen
114,richard_branson,11,0,Richard Branson
115,david_blaine,4,0,David Blaine
116,douglas_adams,1,0,Douglas Adams
117,ari_wallach,1,0,Ari Wallach
118,emily_balcetis,0,1,Emily Balcetis
119,david_agus,4,0,David Agus
120,takaharu_tezuka,0,0,Takaharu Tezuka
121,aspen_baker,0,7,Aspen Baker
122,bruno_bowden,5,0,Bruno Bowden
123,chris_burkard,0,0,Chris Burkard
124,pete_alcorn,4,0,Pete Alcorn
125,daniel_barasch,8,0,Dan Barasch
126,mena_trott,0,3,Mena Trott
127,dan_cohen,1,0,Daniel H. Cohen
128,ashton_cofer,2,0,Ashton Cofer
129,bruno_torturra,2,0,Bruno Torturra
130,rufus_cappadocia,4,0,Rufus Cappadocia
131,kevin_breel,3,0,Kevin Breel
132,ethan_zuckerman,2,0,Ethan Zuckerman
133,eben_bayer,0,0,Eben Bayer
134,memory_banda,0,2,Memory Banda
135,michael_botticelli,8,0,Michael Botticelli
136,david_anderson,0,0,David Anderson
137,jamais_cascio,3,0,Jamais Cascio
138,chetan_bhatt,4,0,Chetan Bhatt
139,natalie_warne,0,6,Natalie Warne
140,vincent_cochetel,3,0,Vincent Cochetel
141,hannah_brencher,0,4,Hannah Brencher
142,dan_ariely,2,0,Dan Ariely
143,tom_uglow,0,4,Tea Uglow
144,michael_bodekaer,1,0,Michael Bodekaer
145,kirk_citron,4,0,Kirk Citron
146,margaret_wertheim,0,0,Margaret Wertheim
147,michelle_borkin,0,5,Michelle  Borkin
148,ione_wells,1,4,Ione Wells
149,natasha_tsakos,0,1,Natasha Tsakos
150,drew_berry,1,0,Drew Berry
151,keith_barry,6,0,Keith Barry
152,joy_buolamwini,0,6,Joy Buolamwini
153,james_cameron,9,0,James Cameron
154,ed_yong,5,0,Ed Yong
155,jane_chen,0,1,Jane Chen
156,peter_calthorpe,0,0,Peter Calthorpe
157,bettina_warburg,0,6,Bettina Warburg
158,david_bolinsky,3,0,David Bolinsky
159,janine_benyus,0,0,Janine Benyus
160,penelope_jagessar_chaffer,0,3,Penelope Jagessar Chaffer
161,jill_cornell_tarter,0,5,Jill Tarter
162,allan_adams,1,0,Allan Adams
163,jok_church,2,0,Jok Church
164,amanda_burden,0,3,Amanda Burden
165,david_baron,3,0,David Baron
166,tasso_azevedo,4,0,Tasso Azevedo
167,c_k_williams,6,0,C.K. Williams
168,ayah_bdeir,0,1,Ayah Bdeir
169,tricia_wang,0,7,Tricia Wang
170,yanis_varoufakis,5,0,Yanis Varoufakis
171,onyx_ashanti,3,0,Onyx Ashanti
172,matt_weinstein,0,0,Matt Weinstein
173,david_casarett,3,0,David Casarett
174,alex_wissner_gross,3,0,Alex Wissner-Gross
175,anand_varma,1,0,Anand Varma
176,judson_brewer,2,0,Judson Brewer
177,susan_colantuono,0,1,Susan Colantuono
178,david_carson,1,0,David Carson
179,nora_york,0,4,Nora York
180,jay_walker,7,0,Jay Walker
181,ben_wellington,3,0,Ben Wellington
182,liz_coleman,0,2,Liz Coleman
183,willard_wigan,6,0,Willard Wigan
184,thomas_p_campbell,6,0,Thomas P. Campbell
185,mia_birdsong,0,6,Mia Birdsong
186,jamie_bartlett,2,0,Jamie Bartlett
187,david_bismark,0,1,David Bismark
188,margaret_bourdeaux,0,10,Margaret Bourdeaux
189,peter_van_manen,1,0,Peter van Manen
190,stephen_burt,6,0,Stephen Burt
191,prosanta_charkrabarty,4,0,Prosanta Chakrabarty
192,newton_aduaka,5,2,Newton Aduaka
193,chris_anderson_wired,6,0,Chris Anderson
194,heather_barnett_1,0,0,Heather Barnett
195,dan_barber,6,0,Dan Barber
196,alex_steffen,7,0,Alex Steffen
197,charles_anderson,4,0,Charles Anderson
198,sharon_brous,0,1,Sharon Brous
199,edward_tenner,5,0,Edward Tenner
200,dave_brain,2,0,Dave Brain
201,mohamed_ali,1,0,Mohamed Ali
202,karim_abouelnaga,2,0,Karim Abouelnaga
203,ben_cameron,2,0,Ben Cameron
204,sebastian_bortnik,5,0,Sebastián Bortnik
205,seth_berkley,2,1,Seth Berkley
206,majora_carter,0,7,Majora Carter
207,roselinde_torres,0,5,Roselinde Torres
208,david_chalmers,5,0,David Chalmers
209,gonzalo_vilarino,1,0,Gonzalo Vilariño
210,armando_azua_bustos,2,0,Armando Azua-Bustos
211,noriko_arai,0,1,Noriko Arai
212,rodrigo_bijou,1,0,Rodrigo Bijou
213,phil_borges,3,0,Phil Borges
214,richard_turere,6,0,Richard Turere
215,yossi_vardi,9,0,Yossi Vardi
216,huang_yi,4,0,Huang Yi
217,vinay_venkatraman,5,0,Vinay Venkatraman
218,eli_beer,8,0,Eli Beer
219,kelli_anderson,0,4,Kelli Anderson
220,john_walker,1,0,John Q. Walker
221,roger_antonsen,2,0,Roger Antonsen
222,geoffrey_canada,4,0,Geoffrey Canada
223,reggie_watts,3,0,Reggie Watts
224,caleb_chung,6,0,Caleb Chung
225,will_wright,4,0,Will Wright
226,eric_topol,3,0,Eric Topol
227,eddy_cartaya,4,0,Eddy Cartaya
228,alessandro_acquisti,2,0,Alessandro Acquisti
229,genevieve_von_petzinger,0,3,Genevieve von Petzinger
230,clayton_cameron,3,0,Clayton Cameron
231,rich_benjamin,2,0,Rich Benjamin
232,paolo_cardini,0,0,Paolo Cardini
233,ahn_trio,0,0,Ahn Trio
234,anil_ananthaswamy,6,0,Anil Ananthaswamy
235,laurel_braitman,0,0,Laurel Braitman
236,ravin_agrawal,2,0,Ravin Agrawal
237,mac_barnett,2,0,Mac Barnett
238,tristram_wyatt,2,0,Tristram Wyatt
239,ruby_wax,0,5,Ruby Wax
240,james_balog,1,0,James Balog
241,ash_beckham,0,2,Ash Beckham
242,bill_clinton,5,0,Bill Clinton
243,ellen_t_hoen,0,6,Ellen 't Hoen
244,gabriel_barcia_colombo,4,0,Gabriel Barcia-Colombo
245,tom_wujec,9,0,Tom Wujec
246,megan_washington,0,10,Megan Washington
247,ed_ulbrich,4,0,Ed Ulbrich
248,barat_ali_batoor,6,0,Barat Ali Batoor
249,richard_wilkinson,3,0,Richard Wilkinson
250,david_byrne,5,0,David Byrne
251,bassam_tariq,3,0,Bassam Tariq
252,nabila_alibhai,0,5,Nabila Alibhai
253,stephanie_busari,0,8,Stephanie Busari
254,keith_bellows,4,0,Keith Bellows
255,andrew_blum,4,0,Andrew Blum
256,black_label_movement,2,0,Black Label Movement
257,david_binder,2,0,David Binder
258,leslie_chang,0,2,Leslie T. Chang
259,erez_lieberman_aiden,0,0,Erez Lieberman Aiden
260,jonathan_tepperman,2,0,Jonathan Tepperman
261,maria_bezaitis,0,1,Maria Bezaitis
262,neil_turok,7,0,Neil Turok
263,wendy_chung,0,7,Wendy Chung
264,aris_venetikidis,0,0,Aris Venetikidis
265,nikolai_begg,4,0,Nikolai Begg
266,jake_wood,4,0,Jake Wood
267,harsha_bhogle,4,0,Harsha Bhogle
268,noah_wilson_rich,3,0,Noah Wilson-Rich
269,jonathan_zittrain,5,0,Jonathan Zittrain
270,christina_warinner,0,5,Christina Warinner
271,michael_biddle,3,0,Mike Biddle
272,shree_bose,0,3,Shree Bose
273,sarah_bergbreiter,0,5,Sarah Bergbreiter
274,mustafa_akyol,2,0,Mustafa Akyol
275,abraham_verghese,7,0,Abraham Verghese
276,sayu_bhojwani,0,3,Sayu Bhojwani
277,monika_bulaj,0,7,Monika Bulaj
278,becky_blanton,0,4,Becky Blanton
279,peter_attia,9,0,Peter Attia
280,neil_burgess,2,0,Neil Burgess
281,shashi_tharoor,9,0,Shashi Tharoor
282,ray_anderson,8,0,Ray Anderson
283,talithia_williams,0,1,Talithia Williams
284,tim_urban,0,0,Tim Urban
285,bruce_aylward,2,0,Bruce Aylward
286,stephen_wilkes,3,0,Stephen Wilkes
287,jeff_bezos,4,0,Jeff Bezos
288,bruce_bueno_de_mesquita,7,0,Bruce Bueno de Mesquita
289,mark_bezos,2,0,Mark Bezos
290,andrew_bird,8,0,Andrew Bird
291,raymond_wang,3,0,Raymond Wang
292,tierney_thys,0,5,Tierney Thys
293,heribert_watzke,2,0,Heribert Watzke
294,suzanne_talhouk,0,3,Suzanne Talhouk
295,karima_bennoune,0,7,Karima Bennoune
296,nina_tandon,0,1,Nina Tandon
297,monica_araya,0,3,Monica Araya
298,nathalie_cabrol,0,1,Nathalie Cabrol
299,amos_winter,0,0,Amos Winter
300,haley_van_dyck,0,3,Haley Van Dyck
301,anand_agarawala,1,0,Anand Agarawala
302,james_watson,10,0,James Watson
303,amy_webb,1,7,Amy Webb
304,jherek_bischoff,3,0,Jherek Bischoff
305,marlene_zuk,0,1,Marlene Zuk
306,leyla_acaroglu,0,3,Leyla Acaroglu
307,patrick_chappatte,2,0,Patrick Chappatte
308,opal_tometi,0,8,Opal Tometi
309,geoffrey_west,6,0,Geoffrey West
310,madeleine_albright,0,3,Madeleine  Albright
311,sunni_brown,0,4,Sunni Brown
312,ingrid_betancourt,0,16,Ingrid Betancourt
313,jason_yang,6,0,Jason Yang
314,richard_baraniuk,1,0,Richard Baraniuk
315,chris_urmson,1,0,Chris Urmson
316,john_wooden,15,0,John Wooden
317,munir_virani,2,0,Munir Virani
318,nick_bostrom,2,0,Nick Bostrom
319,gretchen_carlson,0,6,Gretchen Carlson
320,maya_beiser,0,0,Maya Beiser
321,william_ury,9,0,William Ury
322,skylar_tibbits,4,0,Skylar Tibbits
323,audrey_choi,0,4,Audrey Choi
324,sebastian_wernicke,6,0,Sebastian Wernicke
325,chieko_asakawa,0,2,Chieko Asakawa
326,alexander_tsiaras,2,0,Alexander Tsiaras
327,dianna_cohen,0,3,Dianna Cohen
328,tim_brown,0,0,Tim Brown
329,vint_cerf,7,0,Vint Cerf
330,stephen_cave,1,0,Stephen Cave
331,stuart_brown,8,0,Stuart Brown
332,julian_treasure,5,0,Julian Treasure
333,luis_von_ahn,1,0,Luis von Ahn
334,sasa_vucinic,3,0,Sasa Vucinic
335,david_christian,5,0,David Christian
336,laura_trice,0,4,Laura Trice
337,spencer_wells,1,0,Spencer Wells
338,zeynep_tufekci,0,0,Zeynep Tufekci
339,paul_zak,2,0,Paul Zak
340,paul_bennett,0,0,Paul Bennett
341,dan_berkenstock,2,0,Dan Berkenstock
342,birke_baehr,5,0,Birke Baehr
343,angela_belcher,0,1,Angela Belcher
344,rachel_armstrong,0,4,Rachel Armstrong
345,candy_chang,0,9,Candy Chang
346,marina_abramovic,0,3,Marina Abramović
347,nana_vasconcelos,4,0,Naná Vasconcelos
348,carolyn_bertozzi,0,1,Carolyn Bertozzi
349,caroline_casey,0,3,Caroline Casey
350,gus_casely_hayford,2,0,Gus Casely-Hayford
351,penelope_boston,0,3,Penelope Boston
352,john_underkoffler,1,0,John Underkoffler
353,ian_bremmer,6,0,Ian Bremmer
354,teitur,1,0,Teitur
355,michael_tilson_thomas,4,0,Michael Tilson Thomas
356,chris_bangle,2,0,Chris Bangle
357,jimmy_carter,3,0,Jimmy Carter
358,shukla_bose,0,1,Shukla Bose
359,marcus_byrne,1,0,Marcus Byrne
360,julie_burstein,0,4,Julie Burstein
361,cedric_villani,1,0,Cédric Villani
362,trevor_timm,4,0,Trevor Timm
363,peter_ward,4,0,Peter Ward
364,robert_waldinger,4,0,Robert Waldinger
365,tony_wyss_coray,4,0,Tony Wyss-Coray
366,adam_alter,1,0,Adam Alter
367,omar_ahmad,0,0,Omar Ahmad
368,gever_tulley,4,0,Gever Tulley
369,emilie_wapnick,0,2,Emilie Wapnick
370,gordon_brown,5,0,Gordon Brown
371,sebastian_thrun,4,0,Sebastian Thrun
372,martin_villeneuve,1,0,Martin Villeneuve
373,paul_tasner,2,0,Paul Tasner
374,amy_tan,0,7,Amy Tan
375,amanda_bennett,0,1,Amanda Bennett
376,richard_browning,1,0,Richard Browning
377,paul_bloom,9,0,Paul Bloom
378,daniel_tammet,5,0,Daniel Tammet
379,sharon_terry,0,4,Sharon Terry
380,uldus_bakhtiozina,0,5,Uldus Bakhtiozina
381,kare_anderson,0,2,Kare Anderson
382,matthew_childs,5,0,Matthew Childs
383,rory_bremner,6,0,Rory Bremner
384,john_bohannon,3,0,John Bohannon
385,ben_ambridge,4,0,Ben Ambridge
386,nadine_burke_harris_1,0,3,Nadine Burke Harris
387,kiran_bedhi,0,5,Kiran Bedi
388,yassmin_abdel_magied,0,10,Yassmin Abdel-Magied
389,arthur_brooks,3,0,Arthur Brooks
390,julia_bacha,0,3,Julia Bacha
391,rodrigo_canales,4,0,Rodrigo Canales
392,manoush_zomorodi,0,1,Manoush Zomorodi
393,bonnie_bassler,0,6,Bonnie Bassler
394,siddharthan_chandran,3,0,Siddharthan Chandran
395,siegfried_woldhek,12,0,Siegfried Woldhek
396,jose_antonio_abreu,0,0,José Antonio Abreu
397,harry_cliff,1,0,Harry Cliff
398,simon_anholt,2,0,Simon Anholt
399,olutimehin_adegbeye,0,1,OluTimehin Adegbeye
400,ge_wang,2,0,Ge Wang
401,jacek_utko,8,0,Jacek Utko
402,the_teresa_carreno_youth_orchestra,1,0,Gustavo Dudamel and the Teresa Carreño Youth Orchestra
403,tracy_chevalier,0,3,Tracy Chevalier
404,charlie_todd,2,0,Charlie Todd
405,stewart_brand,1,0,Stewart Brand
406,michael_anti,1,0,Michael Anti
407,rutger_bregman,0,0,Rutger Bregman
408,abigail_washburn,0,4,Abigail Washburn
409,james_beacham,3,0,James Beacham
410,david_burkus,5,1,David Burkus
411,bob_thurman,5,0,Robert Thurman
412,colin_camerer,3,0,Colin Camerer
413,tim_birkhead,0,1,Tim Birkhead
414,sue_austin,0,4,Sue Austin
415,bilal_bomani,6,0,Bilal Bomani
416,anjan_chatterjee,1,0,Anjan Chatterjee
417,kevin_briggs,3,0,Kevin Briggs
418,chris_abani,5,0,Chris Abani
419,marian_bantjes,0,6,Marian Bantjes
420,anant_agarwal,1,0,Anant Agarwal
421,jack_choi,0,0,Jack Choi
422,paddy_ashdown,5,0,Paddy Ashdown
423,mechai_viravaidya,2,0,Mechai Viravaidya
424,jason_clay,2,0,Jason Clay
425,stefana_broadbent,0,10,Stefana Broadbent
426,cheyenne_cochrane,0,11,Cheyenne Cochrane
427,mark_applebaum,4,0,Mark Applebaum
428,george_ayittey,4,0,George Ayittey
429,sinead_burke,0,6,Sinéad Burke
430,khalida_brohi,0,9,Khalida Brohi
431,c_noel_bairey_merz,0,5,C. Noel Bairey Merz
432,karen_t_walker,0,0,Karen Thompson Walker
433,luca_turin,7,0,Luca Turin
434,cynthia_breazeal,0,3,Cynthia Breazeal
435,robb_willer,2,0,Robb Willer
436,karen_tse,0,4,Karen Tse
437,boaz_almog,0,0,Boaz Almog
438,timothy_bartik,2,0,Timothy Bartik
439,david_cameron,7,0,David Cameron
440,manal_al_sharif,2,7,Manal al-Sharif
441,suzanne_barakat,0,1,Suzanne Barakat
442,curtis_wall_street_carroll,7,0,"Curtis ""Wall Street"" Carroll"
443,dan_buettner,3,0,Dan Buettner
444,andy_yen,2,0,Andy Yen
445,rachel_botsman,0,4,Rachel Botsman
446,wendy_troxel,0,8,Wendy Troxel
447,gary_wolf,7,0,Gary Wolf
448,taylor_wilson,11,0,Taylor Wilson
449,jimmy_wales,0,0,Jimmy Wales
450,noy_thrupkaew,0,1,Noy Thrupkaew
451,richard_weller,0,0,Richard Weller
452,vy_higginsen_s_gospel_choir_of_harlem,0,0,Vy Higginsen's Gospel Choir
453,robert_wright,0,0,Robert Wright
454,carlos_bautista,1,0,Carlos Bautista
455,don_tapscott,0,0,Don Tapscott
456,astro_teller,1,0,Astro Teller
457,massimo_banzi,2,0,Massimo Banzi
458,annmarie_thomas,0,5,AnnMarie Thomas
459,daffodil_hudson,0,0,The TED Staff
460,jamil_abu_wardeh,4,0,Jamil Abu-Wardeh
461,jd_vance,3,0,J.D. Vance
462,edith_widder,1,5,Edith Widder
463,alexander_betts,2,0,Alexander Betts
464,sean_carroll,2,0,Sean Carroll
465,james_stavridis,9,0,James Stavridis
466,mona_chalabi,0,4,Mona Chalabi
467,trevor_aaronson,2,0,Trevor Aaronson
468,jun_wang,3,0,Jun Wang
469,jake_barton,0,0,Jake Barton
470,stacey_baker,0,3,Stacey Baker
471,dennis_vanengelsdorp,2,0,Dennis vanEngelsdorp
472,e_o_wilson,9,0,E.O. Wilson
473,caleb_barlow,2,0,Caleb Barlow
474,jon_boogz,4,0,Jon Boogz
475,christopher_bell,1,0,Christopher Bell
476,christoph_adami,4,0,Christoph Adami
477,yves_behar,0,1,Yves Behar
478,seema_bansal,0,1,Seema Bansal
479,boghuma_kabisen_titanji,0,4,Boghuma Kabisen Titanji
480,alice_bows_larkin,0,2,Alice Bows-Larkin
481,rebecca_brachman,0,7,Rebecca Brachman
482,marc_abrahams,1,0,Marc Abrahams
483,greg_asner,1,0,Greg Asner
484,mina_bissell,0,3,Mina Bissell
485,frederick_balagadde,0,0,Frederick Balagadde
486,grady_booch,6,0,Grady Booch
487,lauran_arledge,0,4,Lauran Arledge
488,sandrine_thuret,0,0,Sandrine Thuret
489,rufus_griscom_alisa_volkam,5,3,Rufus Griscom + Alisa Volkman
490,kate_adams,0,2,Kate Adams
491,eva_zeisel,2,6,Eva Zeisel
492,io_tillett_wright,10,4,iO Tillett Wright
493,black,11,0,BLACK
494,camille_brown,0,1,Camille A. Brown
495,thomas_thwaites,4,0,Thomas Thwaites
496,severine_autesserre,0,2,Severine Autesserre
497,sergey_brin,0,0,Sergey Brin
498,sandra_aamodt,0,5,Sandra Aamodt
499,christiane_amanpour,0,2,Christiane Amanpour
500,joey_alexander,3,0,Joey Alexander
501,harry_baker,1,0,Harry Baker
502,jim_toomey,3,0,Jim Toomey
503,paola_antonelli,1,6,Paola Antonelli
504,eythor_bender,0,0,Eythor Bender
505,blaise_aguera_y_arcas,11,0,Blaise Agüera y Arcas
506,ruth_chang,0,5,Ruth Chang
507,diane_benscoter,0,8,Diane Benscoter
508,benjamin_wallace,5,0,Benjamin Wallace
509,laura_carstensen,0,3,Laura Carstensen
510,david_whyte,6,0,David Whyte
511,vicki_arroyo,0,0,Vicki Arroyo
512,jakob_trollback,1,0,Jakob Trollback
513,samuel_cohen,3,0,Samuel Cohen
514,stefan_wolff,7,0,Stefan Wolff
515,vishal_vaid,3,0,Vishal Vaid
516,sitawa_wafula,0,1,Sitawa Wafula
517,patricia_burchat,0,3,Patricia Burchat
518,johanna_blakley,0,2,Johanna Blakley
519,jackson_brown,3,0,Jackson Browne
520,jill_bolte_taylor,0,8,Jill Bolte Taylor
521,homaro_cantu,8,0,Homaro Cantu
522,jonathan_trent,6,0,Jonathan Trent
523,liu_bolin,4,0,Liu Bolin
524,tabetha_boyajian,0,0,Tabetha Boyajian
525,jon_bergmann,5,0,Jon Bergmann
526,katie_bouman,0,0,Katie Bouman
527,lauren_zalaznick,0,1,Lauren Zalaznick
528,halla_tomasdottir,0,6,Halla Tómasdóttir
529,andrew_bastawrous,5,0,Andrew Bastawrous
530,margrethe_vestager,0,3,Margrethe Vestager
531,james_veitch,4,0,James Veitch
532,einstein_the_parrot,0,6,Einstein the Parrot
533,david_r_williams,2,0,David R. Williams
534,nicholas_christakis,2,0,Nicholas Christakis
535,kevin_allocca,0,0,Kevin Allocca
536,marco_tempest,2,0,Marco Tempest
537,lemon_andersen,5,0,Lemon Andersen
538,edward_burtynsky,4,0,Edward Burtynsky
539,joel_burns,1,0,Joel Burns
540,kevin_bales,8,0,Kevin Bales
541,mitchell_besser,4,1,Mitchell Besser
542,shlomo_benartzi,1,0,Shlomo Benartzi
543,alejandro_aravena,8,1,Alejandro Aravena
544,olu_fe_mi_ta_i_wo,1,0,Olúfẹ́mi Táíwò
545,evan_williams,2,0,Evan Williams
546,dan_bricklin,4,0,Dan Bricklin
547,karen_armstrong,1,2,Karen Armstrong
548,monica_byrne,0,7,Monica Byrne
549,marwa_al_sabouni,0,5,Marwa Al-Sabouni
550,guy_winch,6,0,Guy Winch
551,ashton_applewhite,0,3,Ashton Applewhite
552,eva_vertes,0,7,Eva Vertes
553,shai_agassi,7,0,Shai Agassi
554,levon_biss,0,0,Levon Biss
555,tshering_tobgay,0,0,Tshering Tobgay
556,boyd_varty,1,0,Boyd Varty
557,george_whitesides,9,0,George Whitesides
558,kitra_cahana,1,5,Kitra Cahana
559,linda_cliatt_wayman,0,5,Linda Cliatt-Wayman
560,todd_coleman,0,0,Todd Coleman
561,laura_vanderkam,0,3,Laura Vanderkam
562,pierre_thiam,3,0,Pierre Thiam
563,anastasia_taylor_lind,0,1,Anastasia Taylor-Lind
564,anders_ynnerman,7,0,Anders Ynnerman
565,pearl_arredondo,0,10,Pearl Arredondo
566,mandy_len_catron,0,1,Mandy Len Catron
567,george_tulevski,3,0,George Tulevski
568,fahad_al_attiya,2,0,Fahad Al-Attiya
569,yann_arthus_bertrand,4,0,Yann Arthus-Bertrand
570,julian_assange,10,0,Julian Assange
571,emma_teeling,0,0,Emma Teeling
572,pam_warhurst,0,1,Pam  Warhurst
573,james_a_white_sr,7,0,James A. White Sr.
574,jessi_arrington,0,5,Jessi Arrington
575,keith_chen,4,0,Keith Chen
576,manwar_ali,5,0,Manwar Ali
577,russ_altman,3,0,Russ Altman
578,stella_young,0,5,Stella Young
579,daphne_bavelier,0,0,Daphne Bavelier
580,simon_berrow,2,0,Simon Berrow
581,kristen_ashburn,0,5,Kristen Ashburn
582,carol_f_cohen,0,3,Carol Cohen
583,conrad_wolfram,3,0,Conrad Wolfram
584,sarah_jayne_blakemore,2,1,Sarah-Jayne Blakemore
585,patrick_awuah,5,0,Patrick Awuah
586,dan_bell,0,0,Dan Bell
587,laura_boushnak,0,1,Laura Boushnak
588,theo_e_j_wilson,7,0,Theo E.J. Wilson
589,steven_addis,3,1,Steven Addis
590,oren_yakobovich,1,2,Oren Yakobovich
591,sheikha_al_mayassa,0,2,Sheikha Al Mayassa
592,lidia_yuknavitch,0,4,Lidia Yuknavitch
593,dustin_yellin_1,3,0,Dustin Yellin
594,jose_bowen,2,0,José Bowen
595,leana_wen,0,6,Leana Wen
596,zeresenay_alemseged,2,2,Zeresenay Alemseged
597,arthur_benjamin,4,0,Arthur Benjamin
598,serena_williams,0,4,Serena Williams
599,mary_bassett,0,5,Mary Bassett
600,robert_ballard,9,0,Robert Ballard
601,erik_brynjolfsson,0,0,Erik Brynjolfsson
602,bart_weetjens,0,0,Bart Weetjens
603,yochai_benkler,9,0,Yochai Benkler
604,they_might_be_giants,0,0,They Might Be Giants
605,molly_winter,0,2,Molly Winter
606,rick_warren,6,0,Rick Warren
607,j_j_abrams,3,0,J.J. Abrams
608,carolyn_steel,0,3,Carolyn Steel
609,ray_zahab,9,0,Ray Zahab
610,steven_wise,0,0,Steven Wise
611,philip_zimbardo,7,0,Philip Zimbardo
612,al_vernacchio,1,0,Al Vernacchio
613,eric_whitacre,6,0,Eric Whitacre
614,charity_wayua,0,3,Charity Wayua
615,charity_tilleman_dick,0,4,Charity Tillemann-Dick
616,susan_blackmore,0,6,Susan Blackmore
617,eric_berlow,2,0,Eric Berlow
618,rainn_wilson,2,0,Rainn Wilson
619,tim_berners_lee,8,0,Tim Berners-Lee
620,julian_baggini,8,0,Julian Baggini
621,david_autor,3,0,David Autor
622,miranda_wang_and_jenny_yao,0,0,Miranda Wang and Jeanny Yao
623,matthew_carter,4,0,Matthew Carter
624,anjali_tripathi,0,5,Anjali Tripathi
625,chade_meng_tan,4,0,Chade-Meng Tan
626,carin_bondar,0,2,Carin Bondar
627,jason_webb,3,0,Jason Webb
628,john_wilbanks,3,0,John Wilbanks
629,ursus_wehrli,0,0,Ursus Wehrli
630,amber_case,0,4,Amber Case
631,iwan_baan,1,0,Iwan Baan
632,shawn_achor,7,0,Shawn Achor
633,rogier_van_der_heide,3,0,Rogier van der Heide
634,fields_wicker_miurin,0,1,Fields Wicker-Miurin
635,daniel_wolpert,1,0,Daniel Wolpert
